[2025-07-24T10:52:03.206Z] [INFO] Fetching Gemini usage data - Context: {"useRealData":false,"startDate":"2025-07-16T15:00:00.000Z","endDate":"2025-07-24T14:59:59.999Z"}
[2025-07-24T10:52:03.208Z] [INFO] Fetching Vertex AI usage data - Context: {"useRealData":false,"startDate":"2025-07-16T15:00:00.000Z","endDate":"2025-07-24T14:59:59.999Z"}
[2025-07-24T10:52:03.208Z] [INFO] Generating cost report for 16 usage records
[2025-07-24T10:52:03.209Z] [INFO] Generated report with total cost: 0.0782 USD
ğŸ“Š Cost Report
Period: 2025-07-16 to 2025-07-24

ğŸ“ˆ Summary
â”Œâ”€â”€â”€â”€â”€â”€â”€â”€â”€â”€â”€â”€â”€â”€â”€â”€â”€â”€â”€â”€â”€â”¬â”€â”€â”€â”€â”€â”€â”€â”€â”€â”€â”€â”€â”
â”‚ Metric              â”‚ Value      â”‚
â”œâ”€â”€â”€â”€â”€â”€â”€â”€â”€â”€â”€â”€â”€â”€â”€â”€â”€â”€â”€â”€â”€â”¼â”€â”€â”€â”€â”€â”€â”€â”€â”€â”€â”€â”€â”¤
â”‚ Total Input Tokens  â”‚ 86,857     â”‚
â”œâ”€â”€â”€â”€â”€â”€â”€â”€â”€â”€â”€â”€â”€â”€â”€â”€â”€â”€â”€â”€â”€â”¼â”€â”€â”€â”€â”€â”€â”€â”€â”€â”€â”€â”€â”¤
â”‚ Total Output Tokens â”‚ 48,729     â”‚
â”œâ”€â”€â”€â”€â”€â”€â”€â”€â”€â”€â”€â”€â”€â”€â”€â”€â”€â”€â”€â”€â”€â”¼â”€â”€â”€â”€â”€â”€â”€â”€â”€â”€â”€â”€â”¤
â”‚ Total Tokens        â”‚ 135,586    â”‚
â”œâ”€â”€â”€â”€â”€â”€â”€â”€â”€â”€â”€â”€â”€â”€â”€â”€â”€â”€â”€â”€â”€â”¼â”€â”€â”€â”€â”€â”€â”€â”€â”€â”€â”€â”€â”¤
â”‚ Total Cost          â”‚ 0.0782 USD â”‚
â””â”€â”€â”€â”€â”€â”€â”€â”€â”€â”€â”€â”€â”€â”€â”€â”€â”€â”€â”€â”€â”€â”´â”€â”€â”€â”€â”€â”€â”€â”€â”€â”€â”€â”€â”˜

ğŸ“‹ Usage Details
â”Œâ”€â”€â”€â”€â”€â”€â”€â”€â”€â”€â”€â”€â”¬â”€â”€â”€â”€â”€â”€â”€â”€â”€â”€â”€â”€â”¬â”€â”€â”€â”€â”€â”€â”€â”€â”€â”€â”€â”€â”€â”€â”€â”€â”€â”€â”€â”€â”¬â”€â”€â”€â”€â”€â”€â”€â”€â”€â”€â”€â”€â”€â”€â”€â”¬â”€â”€â”€â”€â”€â”€â”€â”€â”€â”€â”€â”€â”€â”€â”€â”¬â”€â”€â”€â”€â”€â”€â”€â”€â”€â”€â”€â”€â”
â”‚ Date       â”‚ Service    â”‚ Model              â”‚ Input Tokens  â”‚ Output Tokens â”‚ Cost       â”‚
â”œâ”€â”€â”€â”€â”€â”€â”€â”€â”€â”€â”€â”€â”¼â”€â”€â”€â”€â”€â”€â”€â”€â”€â”€â”€â”€â”¼â”€â”€â”€â”€â”€â”€â”€â”€â”€â”€â”€â”€â”€â”€â”€â”€â”€â”€â”€â”€â”¼â”€â”€â”€â”€â”€â”€â”€â”€â”€â”€â”€â”€â”€â”€â”€â”¼â”€â”€â”€â”€â”€â”€â”€â”€â”€â”€â”€â”€â”€â”€â”€â”¼â”€â”€â”€â”€â”€â”€â”€â”€â”€â”€â”€â”€â”¤
â”‚ 2025-07-23 â”‚ gemini     â”‚ gemini-pro         â”‚ 8,709         â”‚ 2,949         â”‚ 0.0022 USD â”‚
â”œâ”€â”€â”€â”€â”€â”€â”€â”€â”€â”€â”€â”€â”¼â”€â”€â”€â”€â”€â”€â”€â”€â”€â”€â”€â”€â”¼â”€â”€â”€â”€â”€â”€â”€â”€â”€â”€â”€â”€â”€â”€â”€â”€â”€â”€â”€â”€â”¼â”€â”€â”€â”€â”€â”€â”€â”€â”€â”€â”€â”€â”€â”€â”€â”¼â”€â”€â”€â”€â”€â”€â”€â”€â”€â”€â”€â”€â”€â”€â”€â”¼â”€â”€â”€â”€â”€â”€â”€â”€â”€â”€â”€â”€â”¤
â”‚ 2025-07-23 â”‚ vertex-ai  â”‚ chat-bison-001     â”‚ 5,606         â”‚ 2,489         â”‚ 0.0081 USD â”‚
â”œâ”€â”€â”€â”€â”€â”€â”€â”€â”€â”€â”€â”€â”¼â”€â”€â”€â”€â”€â”€â”€â”€â”€â”€â”€â”€â”¼â”€â”€â”€â”€â”€â”€â”€â”€â”€â”€â”€â”€â”€â”€â”€â”€â”€â”€â”€â”€â”¼â”€â”€â”€â”€â”€â”€â”€â”€â”€â”€â”€â”€â”€â”€â”€â”¼â”€â”€â”€â”€â”€â”€â”€â”€â”€â”€â”€â”€â”€â”€â”€â”¼â”€â”€â”€â”€â”€â”€â”€â”€â”€â”€â”€â”€â”¤
â”‚ 2025-07-22 â”‚ gemini     â”‚ gemini-pro         â”‚ 6,484         â”‚ 4,727         â”‚ 0.0026 USD â”‚
â”œâ”€â”€â”€â”€â”€â”€â”€â”€â”€â”€â”€â”€â”¼â”€â”€â”€â”€â”€â”€â”€â”€â”€â”€â”€â”€â”¼â”€â”€â”€â”€â”€â”€â”€â”€â”€â”€â”€â”€â”€â”€â”€â”€â”€â”€â”€â”€â”¼â”€â”€â”€â”€â”€â”€â”€â”€â”€â”€â”€â”€â”€â”€â”€â”¼â”€â”€â”€â”€â”€â”€â”€â”€â”€â”€â”€â”€â”€â”€â”€â”¼â”€â”€â”€â”€â”€â”€â”€â”€â”€â”€â”€â”€â”¤
â”‚ 2025-07-22 â”‚ vertex-ai  â”‚ text-bison-001     â”‚ 6,581         â”‚ 3,096         â”‚ 0.0097 USD â”‚
â”œâ”€â”€â”€â”€â”€â”€â”€â”€â”€â”€â”€â”€â”¼â”€â”€â”€â”€â”€â”€â”€â”€â”€â”€â”€â”€â”¼â”€â”€â”€â”€â”€â”€â”€â”€â”€â”€â”€â”€â”€â”€â”€â”€â”€â”€â”€â”€â”¼â”€â”€â”€â”€â”€â”€â”€â”€â”€â”€â”€â”€â”€â”€â”€â”¼â”€â”€â”€â”€â”€â”€â”€â”€â”€â”€â”€â”€â”€â”€â”€â”¼â”€â”€â”€â”€â”€â”€â”€â”€â”€â”€â”€â”€â”¤
â”‚ 2025-07-21 â”‚ gemini     â”‚ gemini-pro         â”‚ 1,009         â”‚ 4,594         â”‚ 0.0018 USD â”‚
â”œâ”€â”€â”€â”€â”€â”€â”€â”€â”€â”€â”€â”€â”¼â”€â”€â”€â”€â”€â”€â”€â”€â”€â”€â”€â”€â”¼â”€â”€â”€â”€â”€â”€â”€â”€â”€â”€â”€â”€â”€â”€â”€â”€â”€â”€â”€â”€â”¼â”€â”€â”€â”€â”€â”€â”€â”€â”€â”€â”€â”€â”€â”€â”€â”¼â”€â”€â”€â”€â”€â”€â”€â”€â”€â”€â”€â”€â”€â”€â”€â”¼â”€â”€â”€â”€â”€â”€â”€â”€â”€â”€â”€â”€â”¤
â”‚ 2025-07-21 â”‚ vertex-ai  â”‚ code-bison-001     â”‚ 5,365         â”‚ 1,154         â”‚ 0.0065 USD â”‚
â”œâ”€â”€â”€â”€â”€â”€â”€â”€â”€â”€â”€â”€â”¼â”€â”€â”€â”€â”€â”€â”€â”€â”€â”€â”€â”€â”¼â”€â”€â”€â”€â”€â”€â”€â”€â”€â”€â”€â”€â”€â”€â”€â”€â”€â”€â”€â”€â”¼â”€â”€â”€â”€â”€â”€â”€â”€â”€â”€â”€â”€â”€â”€â”€â”¼â”€â”€â”€â”€â”€â”€â”€â”€â”€â”€â”€â”€â”€â”€â”€â”¼â”€â”€â”€â”€â”€â”€â”€â”€â”€â”€â”€â”€â”¤
â”‚ 2025-07-20 â”‚ gemini     â”‚ gemini-pro         â”‚ 8,807         â”‚ 1,862         â”‚ 0.0018 USD â”‚
â”œâ”€â”€â”€â”€â”€â”€â”€â”€â”€â”€â”€â”€â”¼â”€â”€â”€â”€â”€â”€â”€â”€â”€â”€â”€â”€â”¼â”€â”€â”€â”€â”€â”€â”€â”€â”€â”€â”€â”€â”€â”€â”€â”€â”€â”€â”€â”€â”¼â”€â”€â”€â”€â”€â”€â”€â”€â”€â”€â”€â”€â”€â”€â”€â”¼â”€â”€â”€â”€â”€â”€â”€â”€â”€â”€â”€â”€â”€â”€â”€â”¼â”€â”€â”€â”€â”€â”€â”€â”€â”€â”€â”€â”€â”¤
â”‚ 2025-07-20 â”‚ vertex-ai  â”‚ chat-bison-001     â”‚ 3,527         â”‚ 2,721         â”‚ 0.0062 USD â”‚
â”œâ”€â”€â”€â”€â”€â”€â”€â”€â”€â”€â”€â”€â”¼â”€â”€â”€â”€â”€â”€â”€â”€â”€â”€â”€â”€â”¼â”€â”€â”€â”€â”€â”€â”€â”€â”€â”€â”€â”€â”€â”€â”€â”€â”€â”€â”€â”€â”¼â”€â”€â”€â”€â”€â”€â”€â”€â”€â”€â”€â”€â”€â”€â”€â”¼â”€â”€â”€â”€â”€â”€â”€â”€â”€â”€â”€â”€â”€â”€â”€â”¼â”€â”€â”€â”€â”€â”€â”€â”€â”€â”€â”€â”€â”¤
â”‚ 2025-07-19 â”‚ gemini     â”‚ gemini-pro         â”‚ 8,131         â”‚ 1,963         â”‚ 0.0018 USD â”‚
â”œâ”€â”€â”€â”€â”€â”€â”€â”€â”€â”€â”€â”€â”¼â”€â”€â”€â”€â”€â”€â”€â”€â”€â”€â”€â”€â”¼â”€â”€â”€â”€â”€â”€â”€â”€â”€â”€â”€â”€â”€â”€â”€â”€â”€â”€â”€â”€â”¼â”€â”€â”€â”€â”€â”€â”€â”€â”€â”€â”€â”€â”€â”€â”€â”¼â”€â”€â”€â”€â”€â”€â”€â”€â”€â”€â”€â”€â”€â”€â”€â”¼â”€â”€â”€â”€â”€â”€â”€â”€â”€â”€â”€â”€â”¤
â”‚ 2025-07-19 â”‚ vertex-ai  â”‚ text-bison-001     â”‚ 4,595         â”‚ 2,698         â”‚ 0.0073 USD â”‚
â”œâ”€â”€â”€â”€â”€â”€â”€â”€â”€â”€â”€â”€â”¼â”€â”€â”€â”€â”€â”€â”€â”€â”€â”€â”€â”€â”¼â”€â”€â”€â”€â”€â”€â”€â”€â”€â”€â”€â”€â”€â”€â”€â”€â”€â”€â”€â”€â”¼â”€â”€â”€â”€â”€â”€â”€â”€â”€â”€â”€â”€â”€â”€â”€â”¼â”€â”€â”€â”€â”€â”€â”€â”€â”€â”€â”€â”€â”€â”€â”€â”¼â”€â”€â”€â”€â”€â”€â”€â”€â”€â”€â”€â”€â”¤
â”‚ 2025-07-18 â”‚ gemini     â”‚ gemini-pro         â”‚ 2,604         â”‚ 1,403         â”‚ 0.0009 USD â”‚
â”œâ”€â”€â”€â”€â”€â”€â”€â”€â”€â”€â”€â”€â”¼â”€â”€â”€â”€â”€â”€â”€â”€â”€â”€â”€â”€â”¼â”€â”€â”€â”€â”€â”€â”€â”€â”€â”€â”€â”€â”€â”€â”€â”€â”€â”€â”€â”€â”¼â”€â”€â”€â”€â”€â”€â”€â”€â”€â”€â”€â”€â”€â”€â”€â”¼â”€â”€â”€â”€â”€â”€â”€â”€â”€â”€â”€â”€â”€â”€â”€â”¼â”€â”€â”€â”€â”€â”€â”€â”€â”€â”€â”€â”€â”¤
â”‚ 2025-07-18 â”‚ vertex-ai  â”‚ code-bison-001     â”‚ 3,055         â”‚ 4,128         â”‚ 0.0072 USD â”‚
â”œâ”€â”€â”€â”€â”€â”€â”€â”€â”€â”€â”€â”€â”¼â”€â”€â”€â”€â”€â”€â”€â”€â”€â”€â”€â”€â”¼â”€â”€â”€â”€â”€â”€â”€â”€â”€â”€â”€â”€â”€â”€â”€â”€â”€â”€â”€â”€â”¼â”€â”€â”€â”€â”€â”€â”€â”€â”€â”€â”€â”€â”€â”€â”€â”¼â”€â”€â”€â”€â”€â”€â”€â”€â”€â”€â”€â”€â”€â”€â”€â”¼â”€â”€â”€â”€â”€â”€â”€â”€â”€â”€â”€â”€â”¤
â”‚ 2025-07-17 â”‚ gemini     â”‚ gemini-pro         â”‚ 6,752         â”‚ 3,442         â”‚ 0.0021 USD â”‚
â”œâ”€â”€â”€â”€â”€â”€â”€â”€â”€â”€â”€â”€â”¼â”€â”€â”€â”€â”€â”€â”€â”€â”€â”€â”€â”€â”¼â”€â”€â”€â”€â”€â”€â”€â”€â”€â”€â”€â”€â”€â”€â”€â”€â”€â”€â”€â”€â”¼â”€â”€â”€â”€â”€â”€â”€â”€â”€â”€â”€â”€â”€â”€â”€â”¼â”€â”€â”€â”€â”€â”€â”€â”€â”€â”€â”€â”€â”€â”€â”€â”¼â”€â”€â”€â”€â”€â”€â”€â”€â”€â”€â”€â”€â”¤
â”‚ 2025-07-17 â”‚ vertex-ai  â”‚ chat-bison-001     â”‚ 4,439         â”‚ 3,407         â”‚ 0.0078 USD â”‚
â”œâ”€â”€â”€â”€â”€â”€â”€â”€â”€â”€â”€â”€â”¼â”€â”€â”€â”€â”€â”€â”€â”€â”€â”€â”€â”€â”¼â”€â”€â”€â”€â”€â”€â”€â”€â”€â”€â”€â”€â”€â”€â”€â”€â”€â”€â”€â”€â”¼â”€â”€â”€â”€â”€â”€â”€â”€â”€â”€â”€â”€â”€â”€â”€â”¼â”€â”€â”€â”€â”€â”€â”€â”€â”€â”€â”€â”€â”€â”€â”€â”¼â”€â”€â”€â”€â”€â”€â”€â”€â”€â”€â”€â”€â”¤
â”‚ 2025-07-16 â”‚ gemini     â”‚ gemini-pro         â”‚ 5,438         â”‚ 3,815         â”‚ 0.0021 USD â”‚
â”œâ”€â”€â”€â”€â”€â”€â”€â”€â”€â”€â”€â”€â”¼â”€â”€â”€â”€â”€â”€â”€â”€â”€â”€â”€â”€â”¼â”€â”€â”€â”€â”€â”€â”€â”€â”€â”€â”€â”€â”€â”€â”€â”€â”€â”€â”€â”€â”¼â”€â”€â”€â”€â”€â”€â”€â”€â”€â”€â”€â”€â”€â”€â”€â”¼â”€â”€â”€â”€â”€â”€â”€â”€â”€â”€â”€â”€â”€â”€â”€â”¼â”€â”€â”€â”€â”€â”€â”€â”€â”€â”€â”€â”€â”¤
â”‚ 2025-07-16 â”‚ vertex-ai  â”‚ text-bison-001     â”‚ 5,755         â”‚ 4,281         â”‚ 0.0100 USD â”‚
â””â”€â”€â”€â”€â”€â”€â”€â”€â”€â”€â”€â”€â”´â”€â”€â”€â”€â”€â”€â”€â”€â”€â”€â”€â”€â”´â”€â”€â”€â”€â”€â”€â”€â”€â”€â”€â”€â”€â”€â”€â”€â”€â”€â”€â”€â”€â”´â”€â”€â”€â”€â”€â”€â”€â”€â”€â”€â”€â”€â”€â”€â”€â”´â”€â”€â”€â”€â”€â”€â”€â”€â”€â”€â”€â”€â”€â”€â”€â”´â”€â”€â”€â”€â”€â”€â”€â”€â”€â”€â”€â”€â”˜

ğŸ”§ Service Breakdown
â”Œâ”€â”€â”€â”€â”€â”€â”€â”€â”€â”€â”€â”¬â”€â”€â”€â”€â”€â”€â”€â”€â”€â”€â”€â”€â”€â”¬â”€â”€â”€â”€â”€â”€â”€â”€â”€â”€â”€â”€â”
â”‚ Service   â”‚ Usage Count â”‚ Total Cost â”‚
â”œâ”€â”€â”€â”€â”€â”€â”€â”€â”€â”€â”€â”¼â”€â”€â”€â”€â”€â”€â”€â”€â”€â”€â”€â”€â”€â”¼â”€â”€â”€â”€â”€â”€â”€â”€â”€â”€â”€â”€â”¤
â”‚ gemini    â”‚ 8           â”‚ 0.0153 USD â”‚
â”œâ”€â”€â”€â”€â”€â”€â”€â”€â”€â”€â”€â”¼â”€â”€â”€â”€â”€â”€â”€â”€â”€â”€â”€â”€â”€â”¼â”€â”€â”€â”€â”€â”€â”€â”€â”€â”€â”€â”€â”¤
â”‚ vertex-ai â”‚ 8           â”‚ 0.0629 USD â”‚
â””â”€â”€â”€â”€â”€â”€â”€â”€â”€â”€â”€â”´â”€â”€â”€â”€â”€â”€â”€â”€â”€â”€â”€â”€â”€â”´â”€â”€â”€â”€â”€â”€â”€â”€â”€â”€â”€â”€â”˜

ğŸ¤– Top Models by Cost
â”Œâ”€â”€â”€â”€â”€â”€â”€â”€â”€â”€â”€â”€â”€â”€â”€â”€â”¬â”€â”€â”€â”€â”€â”€â”€â”€â”€â”€â”€â”€â”€â”¬â”€â”€â”€â”€â”€â”€â”€â”€â”€â”€â”€â”€â”
â”‚ Model          â”‚ Usage Count â”‚ Total Cost â”‚
â”œâ”€â”€â”€â”€â”€â”€â”€â”€â”€â”€â”€â”€â”€â”€â”€â”€â”¼â”€â”€â”€â”€â”€â”€â”€â”€â”€â”€â”€â”€â”€â”¼â”€â”€â”€â”€â”€â”€â”€â”€â”€â”€â”€â”€â”¤
â”‚ text-bison-001 â”‚ 3           â”‚ 0.0270 USD â”‚
â”œâ”€â”€â”€â”€â”€â”€â”€â”€â”€â”€â”€â”€â”€â”€â”€â”€â”¼â”€â”€â”€â”€â”€â”€â”€â”€â”€â”€â”€â”€â”€â”¼â”€â”€â”€â”€â”€â”€â”€â”€â”€â”€â”€â”€â”¤
â”‚ chat-bison-001 â”‚ 3           â”‚ 0.0222 USD â”‚
â”œâ”€â”€â”€â”€â”€â”€â”€â”€â”€â”€â”€â”€â”€â”€â”€â”€â”¼â”€â”€â”€â”€â”€â”€â”€â”€â”€â”€â”€â”€â”€â”¼â”€â”€â”€â”€â”€â”€â”€â”€â”€â”€â”€â”€â”¤
â”‚ gemini-pro     â”‚ 8           â”‚ 0.0153 USD â”‚
â”œâ”€â”€â”€â”€â”€â”€â”€â”€â”€â”€â”€â”€â”€â”€â”€â”€â”¼â”€â”€â”€â”€â”€â”€â”€â”€â”€â”€â”€â”€â”€â”¼â”€â”€â”€â”€â”€â”€â”€â”€â”€â”€â”€â”€â”¤
â”‚ code-bison-001 â”‚ 2           â”‚ 0.0137 USD â”‚
â””â”€â”€â”€â”€â”€â”€â”€â”€â”€â”€â”€â”€â”€â”€â”€â”€â”´â”€â”€â”€â”€â”€â”€â”€â”€â”€â”€â”€â”€â”€â”´â”€â”€â”€â”€â”€â”€â”€â”€â”€â”€â”€â”€â”˜


âœ¨ Summary:
Total Input Tokens: 86,857
Total Output Tokens: 48,729
Total Cost: 0.0782 USD
